{
  "mean": [
    21.95,
    1.3134333333333332,
    3.84925,
    1.4655833333333332,
    0.21666666666666667,
    7.0,
    80.0,
    0.6,
    55.0,
    40.0,
    5979.0,
    3.0,
    29.8,
    97.2,
    34.0,
    6.7032,
    402.192,
    7.034783333333333,
    0.8379,
    0.19901109815509985,
    0.22133024427581055,
    0.5829831219323911,
    0.0336012205918299,
    0.9674909402177609,
    0.24007918297187236,
    0.15892445619104334,
    0.23333333333333334,
    0.0,
    0.26666666666666666,
    0.0,
    0.15,
    0.15,
    -0.26303121445797445,
    0.9455185755993168,
    3.0,
    0.0,
    -0.22252093395631434,
    0.0,
    0.0,
    0.3333333333333333,
    6.696666666666667,
    6.6921333333333335,
    84.0,
    84.0,
    84.0,
    84.0,
    0.1991743673283836,
    0.19917578153793744,
    0.22128554015830562,
    0.2211054926250751,
    0.03366634539153812,
    0.033773948262364135,
    0.8370833333333334,
    0.8365166666666667,
    0.24056074944904912,
    0.24107232645649598,
    0.15888945675880295,
    0.15987442973112428,
    1.4630833333333335,
    1.4620499999999998,
    1.3121166666666666,
    1.3117500000000002,
    0.21666666666666667,
    0.21666666666666667,
    55.0,
    54.0,
    40.0,
    40.0,
    5975.0,
    5963.0,
    0.967430039886245,
    0.9673293139192615,
    80.0,
    80.0,
    0.6,
    0.6,
    7.0,
    7.0,
    29.9,
    29.9,
    6.716522222222221,
    6.717577777777778,
    83.33333333333333,
    83.28571428571429,
    83.33333333333333,
    83.28571428571429,
    0.19810044865381538,
    0.19780561215208747,
    0.22126689874487435,
    0.22117993682414874,
    0.8325305555555556,
    0.8308574999999999,
    0.9598324807901655,
    0.9574044929686718,
    81.33333333333333,
    82.14285714285714,
    0.75,
    0.7833333333333333,
    8.333333333333334,
    8.8,
    1.2824222222222224,
    -2.857142857142861
  ],
  "scale": [
    9.360261369719018,
    0.49829968768395316,
    0.7859600232897658,
    0.4438192391156023,
    0.32933010654758316,
    10.189327682167054,
    51.933978205991274,
    0.889168414647513,
    36.945991058445905,
    27.78203596689589,
    3371.5210858043315,
    4.8579443873745785,
    11.907396665110435,
    1.1830840161203269,
    17.537207702396795,
    1.2015175573375079,
    72.09105344025048,
    1.2499063837018416,
    0.13117868173889868,
    0.06047817544979529,
    0.05019383926885108,
    0.07071291217943386,
    0.05201854748572164,
    0.043658020469923765,
    0.2084037286870344,
    0.1345403442007522,
    0.33964425607223514,
    0.1421122879595283,
    0.17311326068663757,
    0.1875012784836908,
    0.22147851583881023,
    0.22147851583881023,
    0.35279950595968823,
    0.13510829787111475,
    1.9868980388956967,
    0.7071958282546686,
    0.7068912895364671,
    0.4513889933617066,
    0.5088052300074399,
    0.2303412875170112,
    1.141696076592397,
    1.0764973541668412,
    6.92267460167686,
    6.5578459068215995,
    6.92267460167686,
    6.5578459068215995,
    0.057336181326755886,
    0.05409842941193366,
    0.04755909626329786,
    0.04499770364552571,
    0.04986321307400094,
    0.047280086796710884,
    0.12454955836709715,
    0.11770477615010365,
    0.19785256342598398,
    0.18687373476334315,
    0.1275040888664155,
    0.12054141235423262,
    0.4211244934422668,
    0.39693789630529186,
    0.47249353846315856,
    0.4462363531008458,
    0.3157248014193902,
    0.29925886758147685,
    35.060502579029894,
    33.06199389994497,
    26.34812846399477,
    24.816285432056276,
    3200.249631682455,
    3017.0320491888324,
    0.0417814504600009,
    0.03962533440180742,
    49.33000586337436,
    46.468037100835396,
    0.842751916277888,
    0.7984801500083151,
    9.65460461621429,
    9.149706160060639,
    11.274595616567758,
    10.650293991478275,
    0.7406198578437405,
    0.6388638858920207,
    4.519787827327125,
    3.9133459034831257,
    4.519787827327125,
    3.9133459034831257,
    0.037605063210716126,
    0.032887058116031535,
    0.031314909101988225,
    0.027062925592331123,
    0.08139611624201205,
    0.07056598632556682,
    0.027596562362711245,
    0.023754837689350106,
    32.35250921988222,
    27.744646060657942,
    0.5412628314526039,
    0.46007203284928816,
    6.299105737506532,
    5.468428599720302,
    0.6388638858920207,
    56.366740373505046
  ],
  "center": [
    16.960342852381846,
    1.3436939750880044,
    3.8950099804203377,
    1.4912500489491554,
    0.3249380324522485,
    9.707179903768044,
    83.94632256451915,
    0.8253952383928013,
    56.22033368743361,
    41.15228394675998,
    6041.727613572455,
    4.435793288758358,
    29.90857339248891,
    97.20635505842655,
    34.82397050553021,
    6.729954004457498,
    403.7972402674498,
    7.054892036909747,
    0.8296585496990148,
    0.1982545541900697,
    0.22097503141549094,
    0.5807702606298631,
    0.04983889790700165,
    0.954684341340098,
    0.28238610489922517,
    0.18431685027396277,
    0.32357266345893476,
    0.020621133537461724,
    0.27982107521506383,
    0.13925597283842614,
    0.20614728488408424,
    0.20614728488408424,
    -0.2423317177635262,
    0.8936182602245485,
    3.0109979378866463,
    0.001217814856419557,
    -0.0133147363338275,
    0.28494657251765293,
    0.2313180861921723,
    0.34256285279843357,
    6.721713346455872,
    6.713059334708076,
    83.22545772667625,
    83.28638380303693,
    83.22545772667625,
    83.28638380303693,
    0.19841419680533914,
    0.19843417815286718,
    0.22087873820402698,
    0.22076167114670409,
    0.04839080395829163,
    0.04689169291034354,
    0.8297619879866276,
    0.8299812447926431,
    0.2782720548133174,
    0.2743108530601412,
    0.18169249495279727,
    0.18006189648800455,
    1.4865250671749046,
    1.4816962652835928,
    1.339896117394655,
    1.335604624132975,
    0.31501281009810655,
    0.3045481055635402,
    56.03693057551709,
    55.67362369555708,
    41.004686621258514,
    40.88245953883647,
    6027.173467474849,
    6017.187152408923,
    0.9558244384691719,
    0.9569933549828485,
    83.44954071111667,
    82.78472786352559,
    0.7993563706804976,
    0.778310316815597,
    9.399737549209524,
    9.159845029057053,
    29.939886271324124,
    29.93386240079985,
    6.7174315034681,
    6.716851368991826,
    83.13320419088087,
    83.11388415267376,
    83.13320419088087,
    83.11388415267376,
    0.19816979931730838,
    0.19801805392948454,
    0.22082482475975115,
    0.22078123819198864,
    0.8288353969004076,
    0.8286835331507784,
    0.9549595707002952,
    0.9546696701646321,
    83.31293090878795,
    83.29442262313911,
    0.8118207002853631,
    0.8122531340849781,
    9.530712991314129,
    9.58809895763592,
    1.2831486310081741,
    0.2333644286934289
  ],