{
  "mean": [
    21.95,
    1.3134333333333332,
    3.84925,
    1.4655833333333332,
    0.60225,
    0.9166666666666666,
    0.6666666666666666,
    5979.0,
    6.7032,
    402.192,
    7.466666666666668,
    0.8379,
    0.19901109815509985,
    0.22133024427581055,
    0.5829831219323911,
    0.08813926656423343,
    0.9189998883805804,
    0.24007918297187236,
    0.15892445619104334,
    -0.26303121445797445,
    0.9455185755993168,
    3.0,
    0.0,
    -0.22252093395631434,
    0.0,
    0.0,
    0.6666666666666666,
    6.70625,
    6.705333333333334,
    82.0,
    82.0,
    82.0,
    82.0,
    0.19891301337944922,
    0.19858153684324925,
    0.2212674239450772,
    0.22139299310398894,
    0.08804346386997976,
    0.08813926570911647,
    0.83828125,
    0.8381666666666667,
    0.23952179111500108,
    0.23888873498966734,
    0.1581700336805778,
    0.1576038867958178,
    1.4666666666666666,
    1.469,
    1.3141333333333334,
    1.3137333333333332,
    0.6012500000000001,
    0.6018,
    0.9,
    0.9,
    0.6666666666666666,
    0.65,
    5981.0,
    5972.0,
    0.9190808080128572,
    0.9189998883805804,
    6.726911111111111,
    6.727655555555555,
    81.33333333333333,
    81.28571428571429,
    81.33333333333333,
    81.28571428571429,
    0.19827452564172302,
    0.19858114767693805,
    0.22151895725553356,
    0.2212660903868541,
    0.8342854166666667,
    0.8325025,
    0.9049998860519802,
    0.9032487876520093,
    -0.002172222222222686
  ],
  "scale": [
    9.360261369719018,
    0.49829968768395316,
    0.7859600232897658,
    0.4438192391156023,
    0.5419038504659551,
    0.6157665176407651,
    0.46303393278159816,
    3371.5210858043315,
    1.2015175573375079,
    72.09105344025048,
    1.1984235846539164,
    0.13117868173889868,
    0.060478175449795286,
    0.05019383926885108,
    0.07071291217943386,
    0.09660475262711349,
    0.06996149904130937,
    0.2084037286870344,
    0.1345403442007522,
    0.35279950595968823,
    0.13510829787111475,
    1.9868980388956967,
    0.7071958282546686,
    0.7068912895364671,
    0.4513889933617066,
    0.5088052300074399,
    0.46068257503402243,
    1.137458450364598,
    1.0742635674469228,
    7.399170033803936,
    7.002728061437904,
    7.399170033803936,
    7.002728061437904,
    0.0572846720069578,
    0.05396282572001813,
    0.0474488161763907,
    0.044674391704437544,
    0.09219889623106192,
    0.08766271983631001,
    0.12431410500397928,
    0.11736811408538297,
    0.1980179114631555,
    0.18691106157323342,
    0.12754885162821422,
    0.12063462728727914,
    0.4197046103639895,
    0.3959815647712544,
    0.4716593214847496,
    0.444653351917022,
    0.5171198325343204,
    0.48934600258514516,
    0.583995243051558,
    0.5486598725172104,
    0.43816947860320005,
    0.41358967087625104,
    3201.666614599578,
    3029.5674570113238,
    0.06666746265401778,
    0.0632478711983747,
    0.7439283938586699,
    0.64878956376334,
    4.8517105619260485,
    4.2050936239738625,
    4.8517105619260485,
    4.2050936239738625,
    0.03697540540335538,
    0.03196257593414843,
    0.030754027726651388,
    0.026456412073809082,
    0.08114811314528486,
    0.0706431953586723,
    0.04310583065211729,
    0.03705909683087212,
    1.3093375924735464
  ],
  "center": [
    16.960342852381846,
    1.3436939750880044,
    3.8950099804203377,
    1.4912500489491554,
    0.7536445187360703,
    0.9370055614572268,
    0.6858713991126664,
    6041.727613572455,
    6.729954004457498,
    403.7972402674498,
    7.483598523193568,
    0.8296585496990146,
    0.1982545541900697,
    0.22097503141549096,
    0.5807702606298631,
    0.11950465813795602,
    0.8992490171347111,
    0.2823861048992251,
    0.18431685027396283,
    -0.2423317177635262,
    0.8936182602245485,
    3.0109979378866463,
    0.001217814856419555,
    -0.0133147363338275,
    0.28494657251765293,
    0.2313180861921723,
    0.6851257055968671,
    6.729182255410444,
    6.724018522568684,
    81.2003374367306,
    81.29531962756982,
    81.2003374367306,
    81.29531962756982,
    0.19835556807888036,
    0.19827819246538234,
    0.22101523048778055,
    0.22116968969164005,
    0.11605051410265604,
    0.11315681000772485,
    0.8308112718448624,
    0.83126908509342,
    0.2776724126432373,
    0.2730061945685772,
    0.18101629748521067,
    0.17796057768468865,
    1.4890589191609906,
    1.4872561603032766,
    1.341101748630465,
    1.3371028057239267,
    0.736800676956404,
    0.7223682653252514,
    0.9293653273344582,
    0.9251088337603366,
    0.6826886625424399,
    0.677023058176592,
    6035.450790476785,
    6026.298693994876,
    0.901487076788284,
    0.9032929551378244,
    6.730822849882314,
    6.730189041449569,
    81.15727259472182,
    81.15712098624364,
    81.15727259472182,
    81.15712098624364,
    0.1984327645149357,
    0.19875731211383868,
    0.2210791154202721,
    0.22115440624453672,
    0.8302466762959376,
    0.8299237835279397,
    0.9000377301004001,
    0.8999406742043504,
    0.0019463154329197696
  ],
  "features": [
    "bedtime_hours",
    "deep_sleep_hours",
    "light_sleep_hours",
    "rem_hours",
    "awake_hours",
    "screentime",
    "exercise_time",
    "step_count_day",
    "total_sleep_hours",
    "total_sleep_minutes",
    "time_in_bed_hours",
    "duration_ratio",
    "deep_ratio",
    "rem_ratio",
    "light_ratio",
    "awake_ratio",
    "sleep_efficiency",
    "deep_ratio_dev",
    "rem_ratio_dev",
    "bedtime_sin",
    "bedtime_cos",
    "day_of_week",
    "day_of_week_sin",
    "day_of_week_cos",
    "is_weekend",
    "late_screen",
    "exercise_benefit",
    "total_sleep_hours_lag1",
    "total_sleep_hours_lag2",
    "sleep_score_lag1",
    "sleep_score_lag2",
    "blended_score_lag1",
    "blended_score_lag2",
    "deep_ratio_lag1",
    "deep_ratio_lag2",
    "rem_ratio_lag1",
    "rem_ratio_lag2",
    "awake_ratio_lag1",
    "awake_ratio_lag2",
    "duration_ratio_lag1",
    "duration_ratio_lag2",
    "deep_ratio_dev_lag1",
    "deep_ratio_dev_lag2",
    "rem_ratio_dev_lag1",
    "rem_ratio_dev_lag2",
    "rem_hours_lag1",
    "rem_hours_lag2",
    "deep_sleep_hours_lag1",
    "deep_sleep_hours_lag2",
    "awake_hours_lag1",
    "awake_hours_lag2",
    "screentime_lag1",
    "screentime_lag2",
    "exercise_time_lag1",
    "exercise_time_lag2",
    "step_count_day_lag1",
    "step_count_day_lag2",
    "sleep_efficiency_lag1",
    "sleep_efficiency_lag2",
    "total_sleep_hours_roll3",
    "total_sleep_hours_roll7",
    "sleep_score_roll3",
    "sleep_score_roll7",
    "blended_score_roll3",
    "blended_score_roll7",
    "deep_ratio_roll3",
    "deep_ratio_roll7",
    "rem_ratio_roll3",
    "rem_ratio_roll7",
    "duration_ratio_roll3",
    "duration_ratio_roll7",
    "sleep_efficiency_roll3",
    "sleep_efficiency_roll7",
    "sleep_debt"
  ]
}